image_uid,study_uid,split
103,43,train
104,43,train
105,43,train
24,10,train
25,10,train
26,10,train
125,51,train
126,51,train
127,51,train
2,2,train
3,2,train
4,2,train
36,16,train
37,16,train
38,16,train
195,79,train
196,79,train
197,79,train
181,74,train
182,74,train
183,74,train
139,57,train
140,57,train
141,57,train
112,46,train
113,46,train
114,46,train
231,93,train
232,93,train
233,93,train
190,77,train
191,77,train
192,77,train
75,31,train
76,31,train
77,31,train
52,22,train
53,22,train
54,22,train
81,33,train
82,33,train
83,33,train
241,97,train
242,97,train
243,97,train
201,81,train
202,81,train
203,81,train
122,50,train
123,50,train
124,50,train
210,84,train
211,84,train
212,84,train
67,27,train
68,27,train
69,27,train
219,88,train
220,88,train
221,88,train
21,9,train
22,9,train
23,9,train
118,48,train
119,48,train
120,48,train
148,60,train
149,60,train
150,60,train
158,64,train
159,64,train
160,64,train
184,75,train
185,75,train
186,75,train
109,45,train
110,45,train
111,45,train
247,99,train
248,99,train
249,99,train
129,53,train
130,53,train
131,53,train
89,37,train
90,37,train
91,37,train
58,24,train
59,24,train
60,24,train
96,40,train
97,40,train
98,40,train
99,41,train
100,41,train
101,41,train
45,19,train
46,19,train
47,19,train
166,67,train
167,67,train
168,67,train
151,61,train
152,61,train
153,61,train
18,8,train
19,8,train
20,8,train
85,35,train
86,35,train
87,35,train
115,47,train
116,47,train
117,47,train
5,3,train
6,3,train
7,3,train
39,17,train
40,17,train
41,17,train
93,39,train
94,39,train
95,39,train
145,59,train
146,59,train
147,59,train
170,69,train
171,69,train
172,69,train
55,23,train
56,23,train
57,23,train
155,63,train
156,63,train
157,63,train
61,25,train
62,25,train
63,25,train
12,6,train
13,6,train
14,6,train
15,7,train
16,7,train
17,7,train
207,83,train
208,83,train
209,83,train
48,20,train
49,20,train
50,20,train
198,80,train
199,80,train
200,80,train
106,44,train
107,44,train
108,44,train
226,91,train
227,91,train
228,91,train
238,96,train
239,96,train
240,96,train
142,58,train
143,58,train
144,58,train
234,94,train
235,94,train
236,94,train
132,54,train
133,54,train
134,54,train
64,26,train
65,26,train
66,26,train
177,72,train
178,72,train
179,72,train
213,85,train
214,85,train
215,85,train
161,65,train
162,65,train
163,65,train
70,28,train
71,28,train
72,28,train
222,89,train
223,89,train
224,89,train
244,98,train
245,98,train
246,98,train
135,55,train
136,55,train
137,55,train
187,76,train
188,76,train
189,76,train
28,12,train
29,12,train
30,12,train
42,18,train
43,18,train
44,18,train
8,4,train
9,4,train
10,4,train
33,15,train
34,15,train
35,15,train
102,42,train
237,95,train
78,32,validation
79,32,validation
80,32,validation
204,82,validation
205,82,validation
206,82,validation
229,92,validation
230,92,validation
164,66,validation
165,66,validation
250,100,validation
251,100,validation
193,78,validation
194,78,validation
217,87,validation
218,87,validation
176,71,validation
27,11,validation
138,56,validation
180,73,validation
121,49,validation
92,38,validation
84,34,validation
216,86,validation
31,13,validation
154,62,validation
128,52,validation
169,68,validation
51,21,validation
1,1,validation
225,90,validation
74,30,validation
11,5,validation
173,70,validation
32,14,validation
73,29,validation
88,36,validation
